Cumberland Valley High School, (717) 697-8261
Cumberland Valley Rugby, 6746 Carlisle Pike, Mechanicsburg, PA 17050
Cumberland Valley School District Administration Building, (717) 249-6996
Cumberland Valley Educational Park, Carlisle Pike, Mechanicsburg, PA 17050
CV District Sports Facility, 36-38 Dapp Ln, Mechanicsburg, PA 17050
Cumberland Valley Football Stadium, (717) 697-8261
Eagle View Middle School, (717) 506-3955
Faulkner Cadillac Mechanicsburg, (717) 691-2000
Eagle View Stadium, (717) 697-8261
Faulkner INFINITI of Mechanicsburg, (717) 691-8900
Culligan Water Conditioning of Mechanicsburg, PA, (717) 697-0657
Silver Spring Gardens, (717) 591-1918
Groff Tractor & Equipment, LLC., (717) 766-7671
West shore polo club, 6779 Carlisle Pike, Mechanicsburg, PA 17050
Faulkner Collision Center of Mechanicsburg, (717) 590-5020
Faulkner Alfa Romeo-Maserati, (717) 795-4800
Bobby Rahal Lexus, (717) 691-5600
Primal Sports Management, Taylor Blvd, Mechanicsburg, PA 17050
Sarges Athletic Performance, (717) 697-6963
MoneyGram, MoneyGram Payment Systems Inc and MoneyGram International Holdings
CVS Photo, 1 (800) 746-7287
Grayhawk Landing neighborhood, (717) 761-3323
All Pro Trailer Superstore, Inc, (800) 622-7003
Bobby Rahal Toyota Service Center, (717) 691-0500
Bobby Rahal Toyota, (717) 691-0500
Poole Kevin J MD, (717) 591-3630
Bobby Rahal Honda, (717) 766-4300
Sun Motor Cars BMW, (717) 697-2300
Audi Mechanicsburg at Sun Motor Cars, (717) 691-3333
Silver Springs Twp Authority, (717) 591-1370
New Cumberland Federal Credit Union, (717) 774-7706
Sun Motor Cars Parts & Service, (877) 685-6060
Velocity Cycles, (717) 766-2523
Safety-Kleen Systems, SystemOne Technologies Inc. and Safety-Kleen Services, Inc.
Silver Spring Ambulance & Rescue Association, (717) 697-3131
New Kingstown Fire Company 33, (717) 766-4033
J P Harris Associates LLC, (717) 766-4357
Rich Valley Golf, (717) 691-8805
St. Stephen Lutheran Church, (717) 766-2168
Castle Windows, (800) 360-4400
Pierson Computing Connection, (717) 796-0493
Willow Mill Veterinary Hospital: Cooley Angela DVM, (717) 260-3651
American Trauma Society, (717) 766-1616
GIANT Food Stores, Musser's Markets and Ferguson And Hassler, Inc.
C.H. Robinson, Freightquote, Milgram &amp; Company Ltd., Robinson Fresh, and more
Serco Inc, BTP Systems, LLC and SI International, Inc.
Olive Garden Italian Restaurant, Curtis Dayton and Bill Darden
Subway, Doctor's Associates, Inc.
Walmart Supercenter, Sam's Club, Walmart Canada, Asda Stores Limited, and more
Fulton Bank, Fulton Financial Advisors, N.A., Resource Services Corporation, Fulton Mortgage Company, and more
Bombay Bazzar, (717) 691-3600
Kohl's Mechanicsburg, (717) 691-7500
Super 8 by Wyndham Carlisle North, (717) 609-4682
Wegmans, (717) 791-4500
Best Buy, Geek Squad, Pacific Sales, Magnolia Audio Video, and more
Red Roof Inn Carlisle, (717) 706-3862
Black n Bleu Restaurant, (717) 458-8105
Sprint Store, 1 (844) 211-6770
Americas Best Value Inn Carlisle, (717) 249-7775
Pep Boys Auto Parts & Service, Maurice "Moe" Strauss, Emanuel Rosenfeld, Jack Jackson, and more
The Home Depot, Arthur Blank, Kenneth Langone, Bernard Marcus, and more
Good Hope Animal Hospital, (717) 766-5535
Residence Inn by Marriott Harrisburg Carlisle, (717) 610-9050
Hampton Inn Carlisle, (717) 240-0200
Army Recruiting Office Mechanicsburg, PA, (717) 790-9822
Motel 6 Harrisburg - Carlisle, (717) 249-7622
Wingate by Wyndham Mechanicsburg/Harrisburg West, (717) 766-2710
Ahold USA, (717) 245-7474
Courtyard by Marriott Harrisburg West/Mechanicsburg, (717) 766-9006
Homewood Suites by Hilton Harrisburg-West Hershey Area, (717) 697-4900
Messiah College, (717) 766-2511
Comfort Suites Downtown Carlisle, (717) 960-1000
